comments,link,thumbnail,timestamp,title,votes
129 comments,https://www.reddit.com/r/unfortunateplacement,http://a.thumbs.redditmedia.com/ExQ61Q54Z-aAuJpkFNcC0viWh-2iQcEc9HrocEZcxw8.jpg,2016-06-01T16:08:54+00:00,"Subreddit Of The Month [June 2016]: /r/unfortunateplacement, ""(Un)fortunate Ad Placement"". Know of a small (under 10,000 subscribers) humor-based subreddit that deserves a month in the spotlight? Link it inside!",406
378 comments,/r/funny/comments/4j1nln/irs_phone_scams_and_similar_posts_tldr_dont_post/,,2016-05-12T16:57:43+00:00,"IRS phone scams, and similar posts. tldr - DON'T POST PHONE NUMBERS ON REDDIT",1304
2694 comments,http://imgur.com/WQ9f3g0,http://b.thumbs.redditmedia.com/1ZRp2v23jOSqkzRmfcqjR5fthye4Iz1dRPwea7Bz9YQ.jpg,2016-06-23T12:41:33+00:00,"Army Specialist was denied leave to go to a baby shower because his CO said ""Men don't go to baby showers"", so he changed his reason",9292
834 comments,http://i.imgur.com/m0xCyiI.jpg,http://b.thumbs.redditmedia.com/sXji7NpPLobngCcxOQUs0z6SvB_z-sH-629dgDQn3qk.jpg,2016-06-23T03:43:15+00:00,A girl at the fire station after getting stuck in a Barney head,5853
145 comments,http://i.imgur.com/tw02cpV.jpg,http://b.thumbs.redditmedia.com/ZuCNEoY9po1AeTNf9D3F2ZhfG3gU_RwqY0O4i4fwOVA.jpg,2016-06-23T10:50:10+00:00,This is it. No more arguing.,1304
261 comments,/r/funny/comments/4pep0t/turns_out_michael_scott_is_the_original/,http://b.thumbs.redditmedia.com/QRzzvyYU6Fa8b-cHOpd9ifHiBr6u-7kSD0CBQLEvjvE.jpg,2016-06-23T03:20:45+00:00,Turns out Michael Scott is the original r/explainlikeimfive,3781
84 comments,http://i.imgur.com/02oarlg.jpg,http://b.thumbs.redditmedia.com/BXeCXhbWikrOOMN1Yj-2C3xA_GnCNb6pMxp-o5VUp0Q.jpg,2016-06-23T14:19:23+00:00,How American people shower.,484
30 comments,https://s-media-cache-ak0.pinimg.com/originals/ce/a6/a3/cea6a36743adc33bc438ae97a47e665e.gif,http://b.thumbs.redditmedia.com/4A3qbHni8uMYgsFQ6REI2Af10o6rzwnKEoAgP2iekcY.jpg,2016-06-23T09:08:09+00:00,Oh sorry I booped you,1046
443 comments,http://i.imgur.com/cOYywLL.png,http://b.thumbs.redditmedia.com/IULOVQ_EUnPJswMuMtv-yGY6tnokrekYhORH9VFT0pU.jpg,2016-06-23T01:08:43+00:00,Swing and a piss,4064
88 comments,/r/funny/comments/4peg03/sometimes_its_just_way_too_hot_for_pants/,http://b.thumbs.redditmedia.com/jl37vldlXaeTWZfXphMfMflai-EgM_P4PTu0Sja8AAo.jpg,2016-06-23T02:20:29+00:00,Sometimes its just way too hot for pants,2809
27 comments,http://i.imgur.com/fKCs7Ub.gifv,http://b.thumbs.redditmedia.com/Hw6vMqip29DOeo7VRP87OWST1f7zXVwd8TuqkKb1UzI.jpg,2016-06-23T13:42:51+00:00,"""I have no regrets.""",313
16 comments,http://i.imgur.com/DRqBzIw.png,http://b.thumbs.redditmedia.com/t2EW0e5yLtySiUFzVAaIgTwmTlxBo8yLzNbtLtNwssU.jpg,2016-06-23T07:29:44+00:00,Lara Croft cosplay,794
39 comments,/r/funny/comments/4phjkg/what_math_we_should_teach/,http://b.thumbs.redditmedia.com/tMZn_vA8eoCrMFSplue8q5mGosNL36Pg4urpgBqWxbI.jpg,2016-06-23T16:19:01+00:00,What Math We Should Teach,â€¢
38 comments,http://imgur.com/qPWL49l,http://b.thumbs.redditmedia.com/o6lpw4gGkzHE7M5bP-Tc_NXcZPJPRRVpCZmIS4ol76g.jpg,2016-06-23T03:16:03+00:00,Dog Rules-A sign at our local animal hospital,1415
508 comments,http://i.imgur.com/sStCbCE.jpg,http://b.thumbs.redditmedia.com/Ta38y4xziatD6l-mBFfHerFrZpP4wgRGnkyv9zSF4go.jpg,2016-06-22T20:18:34+00:00,T-Rex Arms,4947
356 comments,http://i.imgur.com/c1R6xUM.gifv,http://b.thumbs.redditmedia.com/wXo_mv40rGfq5u__pFsOA5XIi2A-o_ZgMBh2bTEoDpo.jpg,2016-06-22T20:59:24+00:00,Animals reacting to themselves in a mirror.,4324
7 comments,http://i.imgur.com/2mrlTUf.jpg,http://b.thumbs.redditmedia.com/pd-mCpdNQ9DL6ba5piU4vg_RKZEoTK1G55jSxFjIXRE.jpg,2016-06-23T13:53:31+00:00,Instructions unclear,195
152 comments,/r/funny/comments/4pcmpc/cat_sitter_recieves_accurate_descriptions/,http://b.thumbs.redditmedia.com/5D3u5d2DrYpOhyfJrviiquafXk76Rb6nhg6nhsTAyWk.jpg,2016-06-22T19:46:19+00:00,Cat sitter recieves accurate descriptions,4944
15 comments,http://funnyasduck.net/wp-content/uploads/2013/02/funny-simpsons-tv-scene-recycled-paper-zero-is-a-percent-pics.jpg,http://a.thumbs.redditmedia.com/LkV5JfCyZ7FX4PhBAGjXPW2_sa80K8jIc3RwlvaSoW8.jpg,2016-06-23T01:12:53+00:00,Simpsons Episode shows how to recycle and profit!!,1670
559 comments,http://i.imgur.com/nuRZv1O.gifv,http://a.thumbs.redditmedia.com/qT7PkIVnsieQ39kCxbnzf2NucgBHDExsa6bcJTR2oz8.jpg,2016-06-22T18:31:02+00:00,"""I'm stuck...I'm stuck! Never mind...I got it!""",5419
17 comments,http://i.imgur.com/4HN0O12.jpg,http://a.thumbs.redditmedia.com/3X5XKMvOKHzavfEk4YIzX-vCZ9wBvEc8MDlVSXJb7Z0.jpg,2016-06-23T12:15:10+00:00,"Disgusting! This once proud animal was killed by a teenage girl, and now she's posing with its head as a trophy.",206
121 comments,https://i.reddituploads.com/534a3bbc66d04ea7a088de5b840dbb34?fit=max&h=1536&w=1536&s=a2a0be88cc6f6c0440fdaaad65cea89d,http://b.thumbs.redditmedia.com/WNowB3YREiAn73XpHGfZj74ZCWIaaXrOlT12VeRnhTU.jpg,2016-06-22T20:55:48+00:00,This happened when Ireland scored.,3001
14 comments,http://imgur.com/qbGPsTh.gifv,http://b.thumbs.redditmedia.com/eZnOUb_CY2GnCBsKvH4F2FHdSsjf4MHqzcPO3qjB2yI.jpg,2016-06-23T12:15:39+00:00,Cannonball!,177
10 comments,http://www.pidjin.net/2012/11/27/vampires-pirates/,http://b.thumbs.redditmedia.com/g20tDXb4uYRfakqwHFT9fQIS8dlyuETW0Vv2O5jaX8Y.jpg,2016-06-23T12:48:02+00:00,Vampires and pirates,156
458 comments,http://i.imgur.com/E3xp4jR.jpg,http://b.thumbs.redditmedia.com/bTxp_JjGpl1SQ5ODuWQehvRTK6HK3HoEIjnj70DFxdw.jpg,2016-06-22T17:51:17+00:00,My girlfriend recently started working nights. I've been waking up to a lot of worrying texts.,4983
20 comments,http://imgur.com/IEnq1HT,http://b.thumbs.redditmedia.com/qJEfNjo76_-X2BeFucL9Nr_wreDpFh2svkklUUSH49k.jpg,2016-06-23T03:57:15+00:00,Slimey yet satisfying,752
15 comments,http://i.imgur.com/C6CQ9iX.jpg,http://b.thumbs.redditmedia.com/H7MgulvDhBAKEvAPY6r4X-rGyY3ne8xD-A7dVlHQDuY.jpg,2016-06-23T12:47:57+00:00,Week 1 of Fatherhood (2016),148
